rep_id,name,region,product_line,tenure_months,base_salary,monthly_target,actual_sales,deals_closed,month,year
REP001,Anay Shanker,South,DataSync,67,937330,539239,304700.0,5,1,2024
REP002,Nirvaan Choudhury,West,DataSync,67,1162942,459637,419100.0,5,1,2024
REP003,Sara Behl,West,CloudCore,23,1242077,682789,656000.0,7,1,2024
REP004,Kiara Kakar,East,CloudCore,70,1183621,400299,274300.0,7,1,2024
REP005,Aniruddh Batra,East,CloudCore,5,956170,458650,329800.0,5,1,2024
REP006,Mehul Krishnan,West,SecureAPI,33,1172451,365184,175100.0,1,1,2024
REP007,Jhanvi Chaudhary,North,SecureAPI,13,1394916,372453,331000.0,7,1,2024
REP008,Madhup Kapur,East,SecureAPI,11,1127831,549387,327900.0,6,1,2024
REP009,Zoya Virk,South,DataSync,19,881869,472949,329700.0,5,1,2024
REP010,Tara Swaminathan,West,CloudCore,24,1426510,538966,426700.0,7,1,2024
REP011,Rasha Kakar,West,CloudCore,57,1486059,511043,356500.0,5,1,2024
REP012,Ranbir Brahmbhatt,North,DataSync,42,1010922,404593,183100.0,4,1,2024
REP013,Tarini Ganguly,West,DataSync,59,1241559,535828,286800.0,4,1,2024
REP014,Divij Gupta,East,CloudCore,34,763441,517806,291000.0,6,1,2024
REP015,Taimur Vaidya,East,DataSync,32,711028,454256,369200.0,5,1,2024
REP016,Lavanya Deo,East,CloudCore,10,737220,520031,358000.0,4,1,2024
REP017,Samiha Karpe,South,CloudCore,45,782938,437149,374700.0,7,1,2024
REP018,Uthkarsh Baral,North,SecureAPI,65,1092004,406160,312900.0,7,1,2024
REP019,Mishti Ranganathan,North,DataSync,63,1398782,363700,238600.0,4,1,2024
REP020,Kashvi Char,South,SecureAPI,27,1176833,374726,128100.0,4,1,2024
REP021,Azad Sahota,East,SecureAPI,48,925994,461038,466500.0,10,1,2024
REP022,Trisha Dhillon,South,CloudCore,15,806802,431778,310800.0,5,1,2024
REP023,Mehul Verma,East,CloudCore,16,877892,530367,396400.0,6,1,2024
REP024,Vaibhav Dewan,West,CloudCore,60,1412336,473495,393700.0,8,1,2024
REP025,Myra Tiwari,West,SecureAPI,62,1142075,415485,286700.0,3,1,2024
REP026,Ishaan Goyal,North,DataSync,59,879046,511818,266100.0,4,1,2024
REP027,Lakshay Sampath,West,DataSync,15,1427057,313261,116600.0,2,1,2024
REP028,Rati Sanghvi,West,CloudCore,4,1416847,448896,348400.0,5,1,2024
REP029,Mahika Ravi,South,DataSync,24,997861,406539,177500.0,4,1,2024
REP030,Hazel Sethi,South,SecureAPI,54,974130,586569,418600.0,7,1,2024
REP031,Ishaan Kashyap,North,CloudCore,3,1197382,604693,533900.0,9,1,2024
REP032,Purab Reddy,West,SecureAPI,39,1327110,460888,421400.0,7,1,2024
REP033,Piya Gaba,South,DataSync,22,1260311,349780,258700.0,6,1,2024
REP034,Manikya Tara,East,CloudCore,72,730662,431959,277300.0,6,1,2024
REP035,Zara Dugar,North,SecureAPI,9,859942,503138,303500.0,5,1,2024
REP036,Priyansh Bali,North,CloudCore,23,1356926,429821,269400.0,4,1,2024
REP037,Jiya Vora,East,SecureAPI,26,742001,367962,195500.0,6,1,2024
REP038,Lakshit Sagar,North,CloudCore,54,1046629,462855,258100.0,5,1,2024
REP039,Vivaan Wagle,North,SecureAPI,34,1397347,501760,176400.0,1,1,2024
REP040,Hridaan Deo,South,SecureAPI,56,835965,522326,396700.0,4,1,2024
REP041,Nishith Sharma,East,SecureAPI,43,974088,595027,482000.0,6,1,2024
REP042,Siya Master,North,DataSync,33,1129445,369629,279800.0,8,1,2024
REP043,Keya Iyengar,South,CloudCore,61,1064569,565767,413100.0,7,1,2024
REP044,Madhup Biswas,South,DataSync,4,826066,420136,198200.0,3,1,2024
REP045,Divij Shroff,North,DataSync,15,1390341,319204,192400.0,2,1,2024
REP046,Faiyaz Bose,South,SecureAPI,36,1280458,384722,259200.0,4,1,2024
REP047,Vritika Sangha,East,SecureAPI,11,1161826,580495,263000.0,3,1,2024
REP048,Kimaya Balay,East,CloudCore,23,849415,629734,528900.0,5,1,2024
REP049,Vaibhav Raju,East,DataSync,41,1068857,460347,251900.0,3,1,2024
REP050,Eva Dass,North,DataSync,4,1354634,475076,142900.0,1,1,2024
REP051,Pihu Sen,North,CloudCore,16,1113921,470407,256300.0,2,1,2024
REP052,Pihu Wali,West,CloudCore,22,962235,542788,382600.0,3,1,2024
REP053,Tiya Rege,East,DataSync,46,810430,353371,239500.0,4,1,2024
REP054,Faiyaz Din,South,DataSync,67,1026807,428065,341700.0,7,1,2024
REP055,Indranil Karan,West,CloudCore,14,903266,622075,521000.0,8,1,2024
REP056,Saira Vora,West,DataSync,3,896228,387439,238600.0,2,1,2024
REP057,Damini Singh,East,DataSync,36,1034030,342357,140000.0,4,1,2024
REP058,Dishani Bera,East,SecureAPI,57,989239,497038,234000.0,4,1,2024
REP059,Navya Kulkarni,North,CloudCore,22,878898,686046,645600.0,9,1,2024
REP060,Indrans Grover,South,SecureAPI,21,1137151,462666,454000.0,6,1,2024
REP061,Hrishita Sood,South,CloudCore,49,1073232,420916,374800.0,8,1,2024
REP062,Kismat Edwin,North,CloudCore,34,1020281,453893,220300.0,4,1,2024
REP063,Advik Bhalla,South,DataSync,22,1176117,542683,345900.0,6,1,2024
REP064,Zara Dube,North,CloudCore,25,970395,616161,226200.0,1,1,2024
REP065,Bhavin Dara,North,SecureAPI,55,1148321,560301,544100.0,6,1,2024
REP066,Dharmajan Setty,South,SecureAPI,37,1010222,391732,340000.0,4,1,2024
REP067,Darshit Sidhu,West,CloudCore,51,963346,420302,209600.0,1,1,2024
REP068,Gokul Sahni,West,DataSync,28,1083238,514063,321000.0,5,1,2024
REP069,Ira Butala,East,DataSync,42,883321,515098,282900.0,3,1,2024
REP070,Eva Viswanathan,North,SecureAPI,31,1038651,356203,153700.0,2,1,2024
REP071,Lakshit Madan,East,DataSync,45,908910,373034,289000.0,8,1,2024
REP072,Riya Dugal,West,SecureAPI,47,1142683,518160,356000.0,6,1,2024
REP073,Oorja Sachar,South,DataSync,6,1097235,330236,243600.0,3,1,2024
REP074,Advika Yogi,South,SecureAPI,25,1023903,502198,346500.0,7,1,2024
REP075,Fateh Dasgupta,South,DataSync,7,1028361,328417,65800.0,1,1,2024
REP076,Chirag Gara,North,CloudCore,43,1162479,628796,514300.0,4,1,2024
REP077,Khushi Malhotra,West,SecureAPI,17,1386265,450976,337800.0,6,1,2024
REP078,Khushi Choudhary,West,SecureAPI,35,1049312,361635,170700.0,2,1,2024
REP079,Devansh Sathe,West,DataSync,69,851773,542633,280900.0,5,1,2024
REP080,Manikya Bandi,East,SecureAPI,28,1060110,445478,122300.0,4,1,2024
REP001,Anay Shanker,South,DataSync,67,937330,539239,266200.0,5,2,2024
REP002,Nirvaan Choudhury,West,DataSync,67,1162942,459637,444400.0,9,2,2024
REP003,Sara Behl,West,CloudCore,23,1242077,682789,709100.0,8,2,2024
REP004,Kiara Kakar,East,CloudCore,70,1183621,400299,183300.0,4,2,2024
REP005,Aniruddh Batra,East,CloudCore,5,956170,458650,313000.0,7,2,2024
REP006,Mehul Krishnan,West,SecureAPI,33,1172451,365184,167900.0,5,2,2024
REP007,Jhanvi Chaudhary,North,SecureAPI,13,1394916,372453,315800.0,7,2,2024
REP008,Madhup Kapur,East,SecureAPI,11,1127831,549387,307400.0,6,2,2024
REP009,Zoya Virk,South,DataSync,19,881869,472949,335400.0,6,2,2024
REP010,Tara Swaminathan,West,CloudCore,24,1426510,538966,436200.0,5,2,2024
REP011,Rasha Kakar,West,CloudCore,57,1486059,511043,393200.0,7,2,2024
REP012,Ranbir Brahmbhatt,North,DataSync,42,1010922,404593,257400.0,6,2,2024
REP013,Tarini Ganguly,West,DataSync,59,1241559,535828,233500.0,3,2,2024
REP014,Divij Gupta,East,CloudCore,34,763441,517806,377200.0,4,2,2024
REP015,Taimur Vaidya,East,DataSync,32,711028,454256,417400.0,7,2,2024
REP016,Lavanya Deo,East,CloudCore,10,737220,520031,322200.0,6,2,2024
REP017,Samiha Karpe,South,CloudCore,45,782938,437149,421000.0,8,2,2024
REP018,Uthkarsh Baral,North,SecureAPI,65,1092004,406160,318900.0,5,2,2024
REP019,Mishti Ranganathan,North,DataSync,63,1398782,363700,276600.0,6,2,2024
REP020,Kashvi Char,South,SecureAPI,27,1176833,374726,184300.0,4,2,2024
REP021,Azad Sahota,East,SecureAPI,48,925994,461038,393500.0,4,2,2024
REP022,Trisha Dhillon,South,CloudCore,15,806802,431778,310700.0,5,2,2024
REP023,Mehul Verma,East,CloudCore,16,877892,530367,385600.0,4,2,2024
REP024,Vaibhav Dewan,West,CloudCore,60,1412336,473495,422700.0,7,2,2024
REP025,Myra Tiwari,West,SecureAPI,62,1142075,415485,309300.0,5,2,2024
REP026,Ishaan Goyal,North,DataSync,59,879046,511818,291000.0,4,2,2024
REP027,Lakshay Sampath,West,DataSync,15,1427057,313261,233800.0,7,2,2024
REP028,Rati Sanghvi,West,CloudCore,4,1416847,448896,348700.0,4,2,2024
REP029,Mahika Ravi,South,DataSync,24,997861,406539,224000.0,3,2,2024
REP030,Hazel Sethi,South,SecureAPI,54,974130,586569,441600.0,5,2,2024
REP031,Ishaan Kashyap,North,CloudCore,3,1197382,604693,496600.0,5,2,2024
REP032,Purab Reddy,West,SecureAPI,39,1327110,460888,349100.0,7,2,2024
REP033,Piya Gaba,South,DataSync,22,1260311,349780,267900.0,5,2,2024
REP034,Manikya Tara,East,CloudCore,72,730662,431959,430400.0,6,2,2024
REP035,Zara Dugar,North,SecureAPI,9,859942,503138,250000.0,1,2,2024
REP036,Priyansh Bali,North,CloudCore,23,1356926,429821,339100.0,7,2,2024
REP037,Jiya Vora,East,SecureAPI,26,742001,367962,189800.0,5,2,2024
REP038,Lakshit Sagar,North,CloudCore,54,1046629,462855,299800.0,5,2,2024
REP039,Vivaan Wagle,North,SecureAPI,34,1397347,501760,329700.0,7,2,2024
REP040,Hridaan Deo,South,SecureAPI,56,835965,522326,434700.0,7,2,2024
REP041,Nishith Sharma,East,SecureAPI,43,974088,595027,497400.0,7,2,2024
REP042,Siya Master,North,DataSync,33,1129445,369629,248600.0,3,2,2024
REP043,Keya Iyengar,South,CloudCore,61,1064569,565767,506200.0,6,2,2024
REP044,Madhup Biswas,South,DataSync,4,826066,420136,147800.0,3,2,2024
REP045,Divij Shroff,North,DataSync,15,1390341,319204,260600.0,7,2,2024
REP046,Faiyaz Bose,South,SecureAPI,36,1280458,384722,373300.0,9,2,2024
REP047,Vritika Sangha,East,SecureAPI,11,1161826,580495,232900.0,1,2,2024
REP048,Kimaya Balay,East,CloudCore,23,849415,629734,444400.0,7,2,2024
REP049,Vaibhav Raju,East,DataSync,41,1068857,460347,244900.0,5,2,2024
REP050,Eva Dass,North,DataSync,4,1354634,475076,218300.0,4,2,2024
REP051,Pihu Sen,North,CloudCore,16,1113921,470407,157100.0,1,2,2024
REP052,Pihu Wali,West,CloudCore,22,962235,542788,416100.0,6,2,2024
REP053,Tiya Rege,East,DataSync,46,810430,353371,232500.0,5,2,2024
REP054,Faiyaz Din,South,DataSync,67,1026807,428065,344800.0,7,2,2024
REP055,Indranil Karan,West,CloudCore,14,903266,622075,417900.0,6,2,2024
REP056,Saira Vora,West,DataSync,3,896228,387439,273500.0,7,2,2024
REP057,Damini Singh,East,DataSync,36,1034030,342357,145800.0,5,2,2024
REP058,Dishani Bera,East,SecureAPI,57,989239,497038,239300.0,5,2,2024
REP059,Navya Kulkarni,North,CloudCore,22,878898,686046,683300.0,6,2,2024
REP060,Indrans Grover,South,SecureAPI,21,1137151,462666,400300.0,7,2,2024
REP061,Hrishita Sood,South,CloudCore,49,1073232,420916,403500.0,6,2,2024
REP062,Kismat Edwin,North,CloudCore,34,1020281,453893,307200.0,5,2,2024
REP063,Advik Bhalla,South,DataSync,22,1176117,542683,328700.0,5,2,2024
REP064,Zara Dube,North,CloudCore,25,970395,616161,334100.0,5,2,2024
REP065,Bhavin Dara,North,SecureAPI,55,1148321,560301,538200.0,5,2,2024
REP066,Dharmajan Setty,South,SecureAPI,37,1010222,391732,327100.0,7,2,2024
REP067,Darshit Sidhu,West,CloudCore,51,963346,420302,156200.0,2,2,2024
REP068,Gokul Sahni,West,DataSync,28,1083238,514063,185900.0,3,2,2024
REP069,Ira Butala,East,DataSync,42,883321,515098,300100.0,3,2,2024
REP070,Eva Viswanathan,North,SecureAPI,31,1038651,356203,197900.0,5,2,2024
REP071,Lakshit Madan,East,DataSync,45,908910,373034,292500.0,5,2,2024
REP072,Riya Dugal,West,SecureAPI,47,1142683,518160,291000.0,6,2,2024
REP073,Oorja Sachar,South,DataSync,6,1097235,330236,229400.0,7,2,2024
REP074,Advika Yogi,South,SecureAPI,25,1023903,502198,275100.0,2,2,2024
REP075,Fateh Dasgupta,South,DataSync,7,1028361,328417,182300.0,5,2,2024
REP076,Chirag Gara,North,CloudCore,43,1162479,628796,434800.0,7,2,2024
REP077,Khushi Malhotra,West,SecureAPI,17,1386265,450976,423500.0,9,2,2024
REP078,Khushi Choudhary,West,SecureAPI,35,1049312,361635,208600.0,2,2,2024
REP079,Devansh Sathe,West,DataSync,69,851773,542633,204600.0,1,2,2024
REP080,Manikya Bandi,East,SecureAPI,28,1060110,445478,266700.0,5,2,2024
REP001,Anay Shanker,South,DataSync,67,937330,539239,285300.0,3,3,2024
REP002,Nirvaan Choudhury,West,DataSync,67,1162942,459637,599900.0,11,3,2024
REP003,Sara Behl,West,CloudCore,23,1242077,682789,912400.0,9,3,2024
REP004,Kiara Kakar,East,CloudCore,70,1183621,400299,221500.0,2,3,2024
REP005,Aniruddh Batra,East,CloudCore,5,956170,458650,513200.0,8,3,2024
REP006,Mehul Krishnan,West,SecureAPI,33,1172451,365184,273000.0,6,3,2024
REP007,Jhanvi Chaudhary,North,SecureAPI,13,1394916,372453,410100.0,8,3,2024
REP008,Madhup Kapur,East,SecureAPI,11,1127831,549387,539100.0,6,3,2024
REP009,Zoya Virk,South,DataSync,19,881869,472949,457100.0,8,3,2024
REP010,Tara Swaminathan,West,CloudCore,24,1426510,538966,486400.0,7,3,2024
REP011,Rasha Kakar,West,CloudCore,57,1486059,511043,452500.0,7,3,2024
REP012,Ranbir Brahmbhatt,North,DataSync,42,1010922,404593,224100.0,5,3,2024
REP013,Tarini Ganguly,West,DataSync,59,1241559,535828,359200.0,5,3,2024
REP014,Divij Gupta,East,CloudCore,34,763441,517806,538800.0,9,3,2024
REP015,Taimur Vaidya,East,DataSync,32,711028,454256,573400.0,10,3,2024
REP016,Lavanya Deo,East,CloudCore,10,737220,520031,572900.0,6,3,2024
REP017,Samiha Karpe,South,CloudCore,45,782938,437149,542100.0,10,3,2024
REP018,Uthkarsh Baral,North,SecureAPI,65,1092004,406160,479500.0,7,3,2024
REP019,Mishti Ranganathan,North,DataSync,63,1398782,363700,350700.0,9,3,2024
REP020,Kashvi Char,South,SecureAPI,27,1176833,374726,416300.0,6,3,2024
REP021,Azad Sahota,East,SecureAPI,48,925994,461038,595500.0,10,3,2024
REP022,Trisha Dhillon,South,CloudCore,15,806802,431778,384100.0,6,3,2024
REP023,Mehul Verma,East,CloudCore,16,877892,530367,457500.0,4,3,2024
REP024,Vaibhav Dewan,West,CloudCore,60,1412336,473495,605800.0,8,3,2024
REP025,Myra Tiwari,West,SecureAPI,62,1142075,415485,402700.0,5,3,2024
REP026,Ishaan Goyal,North,DataSync,59,879046,511818,406900.0,5,3,2024
REP027,Lakshay Sampath,West,DataSync,15,1427057,313261,237100.0,5,3,2024
REP028,Rati Sanghvi,West,CloudCore,4,1416847,448896,443700.0,5,3,2024
REP029,Mahika Ravi,South,DataSync,24,997861,406539,223200.0,6,3,2024
REP030,Hazel Sethi,South,SecureAPI,54,974130,586569,473100.0,5,3,2024
REP031,Ishaan Kashyap,North,CloudCore,3,1197382,604693,726500.0,8,3,2024
REP032,Purab Reddy,West,SecureAPI,39,1327110,460888,509500.0,7,3,2024
REP033,Piya Gaba,South,DataSync,22,1260311,349780,358300.0,9,3,2024
REP034,Manikya Tara,East,CloudCore,72,730662,431959,363100.0,4,3,2024
REP035,Zara Dugar,North,SecureAPI,9,859942,503138,357100.0,7,3,2024
REP036,Priyansh Bali,North,CloudCore,23,1356926,429821,449600.0,7,3,2024
REP037,Jiya Vora,East,SecureAPI,26,742001,367962,199900.0,5,3,2024
REP038,Lakshit Sagar,North,CloudCore,54,1046629,462855,470700.0,8,3,2024
REP039,Vivaan Wagle,North,SecureAPI,34,1397347,501760,347100.0,5,3,2024
REP040,Hridaan Deo,South,SecureAPI,56,835965,522326,445800.0,5,3,2024
REP041,Nishith Sharma,East,SecureAPI,43,974088,595027,620400.0,10,3,2024
REP042,Siya Master,North,DataSync,33,1129445,369629,394800.0,10,3,2024
REP043,Keya Iyengar,South,CloudCore,61,1064569,565767,641600.0,7,3,2024
REP044,Madhup Biswas,South,DataSync,4,826066,420136,356500.0,5,3,2024
REP045,Divij Shroff,North,DataSync,15,1390341,319204,263000.0,6,3,2024
REP046,Faiyaz Bose,South,SecureAPI,36,1280458,384722,338300.0,5,3,2024
REP047,Vritika Sangha,East,SecureAPI,11,1161826,580495,443300.0,8,3,2024
REP048,Kimaya Balay,East,CloudCore,23,849415,629734,668900.0,6,3,2024
REP049,Vaibhav Raju,East,DataSync,41,1068857,460347,351500.0,6,3,2024
REP050,Eva Dass,North,DataSync,4,1354634,475076,612500.0,12,3,2024
REP051,Pihu Sen,North,CloudCore,16,1113921,470407,363300.0,7,3,2024
REP052,Pihu Wali,West,CloudCore,22,962235,542788,619100.0,10,3,2024
REP053,Tiya Rege,East,DataSync,46,810430,353371,395000.0,7,3,2024
REP054,Faiyaz Din,South,DataSync,67,1026807,428065,462100.0,6,3,2024
REP055,Indranil Karan,West,CloudCore,14,903266,622075,595800.0,9,3,2024
REP056,Saira Vora,West,DataSync,3,896228,387439,310700.0,5,3,2024
REP057,Damini Singh,East,DataSync,36,1034030,342357,192000.0,2,3,2024
REP058,Dishani Bera,East,SecureAPI,57,989239,497038,320700.0,5,3,2024
REP059,Navya Kulkarni,North,CloudCore,22,878898,686046,822000.0,11,3,2024
REP060,Indrans Grover,South,SecureAPI,21,1137151,462666,576400.0,7,3,2024
REP061,Hrishita Sood,South,CloudCore,49,1073232,420916,603400.0,13,3,2024
REP062,Kismat Edwin,North,CloudCore,34,1020281,453893,176300.0,1,3,2024
REP063,Advik Bhalla,South,DataSync,22,1176117,542683,588300.0,8,3,2024
REP064,Zara Dube,North,CloudCore,25,970395,616161,264000.0,5,3,2024
REP065,Bhavin Dara,North,SecureAPI,55,1148321,560301,672000.0,10,3,2024
REP066,Dharmajan Setty,South,SecureAPI,37,1010222,391732,444500.0,9,3,2024
REP067,Darshit Sidhu,West,CloudCore,51,963346,420302,291100.0,3,3,2024
REP068,Gokul Sahni,West,DataSync,28,1083238,514063,263600.0,6,3,2024
REP069,Ira Butala,East,DataSync,42,883321,515098,293500.0,4,3,2024
REP070,Eva Viswanathan,North,SecureAPI,31,1038651,356203,281200.0,4,3,2024
REP071,Lakshit Madan,East,DataSync,45,908910,373034,337800.0,8,3,2024
REP072,Riya Dugal,West,SecureAPI,47,1142683,518160,371300.0,6,3,2024
REP073,Oorja Sachar,South,DataSync,6,1097235,330236,331300.0,6,3,2024
REP074,Advika Yogi,South,SecureAPI,25,1023903,502198,291200.0,5,3,2024
REP075,Fateh Dasgupta,South,DataSync,7,1028361,328417,335000.0,8,3,2024
REP076,Chirag Gara,North,CloudCore,43,1162479,628796,677400.0,9,3,2024
REP077,Khushi Malhotra,West,SecureAPI,17,1386265,450976,334800.0,4,3,2024
REP078,Khushi Choudhary,West,SecureAPI,35,1049312,361635,257400.0,6,3,2024
REP079,Devansh Sathe,West,DataSync,69,851773,542633,313800.0,3,3,2024
REP080,Manikya Bandi,East,SecureAPI,28,1060110,445478,363800.0,8,3,2024
REP001,Anay Shanker,South,DataSync,67,937330,539239,252000.0,3,4,2024
REP002,Nirvaan Choudhury,West,DataSync,67,1162942,459637,473600.0,10,4,2024
REP003,Sara Behl,West,CloudCore,23,1242077,682789,733300.0,10,4,2024
REP004,Kiara Kakar,East,CloudCore,70,1183621,400299,274700.0,6,4,2024
REP005,Aniruddh Batra,East,CloudCore,5,956170,458650,325300.0,6,4,2024
REP006,Mehul Krishnan,West,SecureAPI,33,1172451,365184,192800.0,5,4,2024
REP007,Jhanvi Chaudhary,North,SecureAPI,13,1394916,372453,292700.0,8,4,2024
REP008,Madhup Kapur,East,SecureAPI,11,1127831,549387,266900.0,3,4,2024
REP009,Zoya Virk,South,DataSync,19,881869,472949,483600.0,8,4,2024
REP010,Tara Swaminathan,West,CloudCore,24,1426510,538966,473600.0,6,4,2024
REP011,Rasha Kakar,West,CloudCore,57,1486059,511043,359200.0,3,4,2024
REP012,Ranbir Brahmbhatt,North,DataSync,42,1010922,404593,280400.0,5,4,2024
REP013,Tarini Ganguly,West,DataSync,59,1241559,535828,456600.0,7,4,2024
REP014,Divij Gupta,East,CloudCore,34,763441,517806,489300.0,6,4,2024
REP015,Taimur Vaidya,East,DataSync,32,711028,454256,423100.0,8,4,2024
REP016,Lavanya Deo,East,CloudCore,10,737220,520031,408200.0,8,4,2024
REP017,Samiha Karpe,South,CloudCore,45,782938,437149,492900.0,11,4,2024
REP018,Uthkarsh Baral,North,SecureAPI,65,1092004,406160,309200.0,7,4,2024
REP019,Mishti Ranganathan,North,DataSync,63,1398782,363700,321100.0,7,4,2024
REP020,Kashvi Char,South,SecureAPI,27,1176833,374726,252700.0,3,4,2024
REP021,Azad Sahota,East,SecureAPI,48,925994,461038,448700.0,8,4,2024
REP022,Trisha Dhillon,South,CloudCore,15,806802,431778,358300.0,6,4,2024
REP023,Mehul Verma,East,CloudCore,16,877892,530367,261900.0,2,4,2024
REP024,Vaibhav Dewan,West,CloudCore,60,1412336,473495,457500.0,8,4,2024
REP025,Myra Tiwari,West,SecureAPI,62,1142075,415485,336300.0,5,4,2024
REP026,Ishaan Goyal,North,DataSync,59,879046,511818,208500.0,3,4,2024
REP027,Lakshay Sampath,West,DataSync,15,1427057,313261,246700.0,6,4,2024
REP028,Rati Sanghvi,West,CloudCore,4,1416847,448896,307500.0,5,4,2024
REP029,Mahika Ravi,South,DataSync,24,997861,406539,208900.0,4,4,2024
REP030,Hazel Sethi,South,SecureAPI,54,974130,586569,498500.0,8,4,2024
REP031,Ishaan Kashyap,North,CloudCore,3,1197382,604693,689300.0,9,4,2024
REP032,Purab Reddy,West,SecureAPI,39,1327110,460888,315400.0,7,4,2024
REP033,Piya Gaba,South,DataSync,22,1260311,349780,335400.0,5,4,2024
REP034,Manikya Tara,East,CloudCore,72,730662,431959,361600.0,8,4,2024
REP035,Zara Dugar,North,SecureAPI,9,859942,503138,222600.0,2,4,2024
REP036,Priyansh Bali,North,CloudCore,23,1356926,429821,380300.0,5,4,2024
REP037,Jiya Vora,East,SecureAPI,26,742001,367962,220100.0,3,4,2024
REP038,Lakshit Sagar,North,CloudCore,54,1046629,462855,357600.0,7,4,2024
REP039,Vivaan Wagle,North,SecureAPI,34,1397347,501760,291600.0,5,4,2024
REP040,Hridaan Deo,South,SecureAPI,56,835965,522326,415400.0,8,4,2024
REP041,Nishith Sharma,East,SecureAPI,43,974088,595027,504600.0,5,4,2024
REP042,Siya Master,North,DataSync,33,1129445,369629,334900.0,8,4,2024
REP043,Keya Iyengar,South,CloudCore,61,1064569,565767,567700.0,9,4,2024
REP044,Madhup Biswas,South,DataSync,4,826066,420136,171700.0,4,4,2024
REP045,Divij Shroff,North,DataSync,15,1390341,319204,338800.0,6,4,2024
REP046,Faiyaz Bose,South,SecureAPI,36,1280458,384722,242300.0,3,4,2024
REP047,Vritika Sangha,East,SecureAPI,11,1161826,580495,320400.0,4,4,2024
REP048,Kimaya Balay,East,CloudCore,23,849415,629734,565600.0,6,4,2024
REP049,Vaibhav Raju,East,DataSync,41,1068857,460347,280400.0,5,4,2024
REP050,Eva Dass,North,DataSync,4,1354634,475076,232700.0,2,4,2024
REP051,Pihu Sen,North,CloudCore,16,1113921,470407,256100.0,4,4,2024
REP052,Pihu Wali,West,CloudCore,22,962235,542788,425500.0,8,4,2024
REP053,Tiya Rege,East,DataSync,46,810430,353371,273400.0,6,4,2024
REP054,Faiyaz Din,South,DataSync,67,1026807,428065,396300.0,8,4,2024
REP055,Indranil Karan,West,CloudCore,14,903266,622075,543500.0,8,4,2024
REP056,Saira Vora,West,DataSync,3,896228,387439,186200.0,5,4,2024
REP057,Damini Singh,East,DataSync,36,1034030,342357,236500.0,5,4,2024
REP058,Dishani Bera,East,SecureAPI,57,989239,497038,304500.0,5,4,2024
REP059,Navya Kulkarni,North,CloudCore,22,878898,686046,751600.0,10,4,2024
REP060,Indrans Grover,South,SecureAPI,21,1137151,462666,500900.0,8,4,2024
REP061,Hrishita Sood,South,CloudCore,49,1073232,420916,412500.0,7,4,2024
REP062,Kismat Edwin,North,CloudCore,34,1020281,453893,226100.0,4,4,2024
REP063,Advik Bhalla,South,DataSync,22,1176117,542683,496500.0,7,4,2024
REP064,Zara Dube,North,CloudCore,25,970395,616161,402100.0,5,4,2024
REP065,Bhavin Dara,North,SecureAPI,55,1148321,560301,581000.0,8,4,2024
REP066,Dharmajan Setty,South,SecureAPI,37,1010222,391732,332300.0,5,4,2024
REP067,Darshit Sidhu,West,CloudCore,51,963346,420302,311300.0,3,4,2024
REP068,Gokul Sahni,West,DataSync,28,1083238,514063,253900.0,2,4,2024
REP069,Ira Butala,East,DataSync,42,883321,515098,331800.0,5,4,2024
REP070,Eva Viswanathan,North,SecureAPI,31,1038651,356203,194200.0,2,4,2024
REP071,Lakshit Madan,East,DataSync,45,908910,373034,303300.0,8,4,2024
REP072,Riya Dugal,West,SecureAPI,47,1142683,518160,371500.0,4,4,2024
REP073,Oorja Sachar,South,DataSync,6,1097235,330236,304900.0,6,4,2024
REP074,Advika Yogi,South,SecureAPI,25,1023903,502198,341200.0,4,4,2024
REP075,Fateh Dasgupta,South,DataSync,7,1028361,328417,244400.0,6,4,2024
REP076,Chirag Gara,North,CloudCore,43,1162479,628796,527100.0,6,4,2024
REP077,Khushi Malhotra,West,SecureAPI,17,1386265,450976,409500.0,9,4,2024
REP078,Khushi Choudhary,West,SecureAPI,35,1049312,361635,192000.0,6,4,2024
REP079,Devansh Sathe,West,DataSync,69,851773,542633,333600.0,6,4,2024
REP080,Manikya Bandi,East,SecureAPI,28,1060110,445478,247200.0,4,4,2024
REP001,Anay Shanker,South,DataSync,67,937330,539239,329700.0,2,5,2024
REP002,Nirvaan Choudhury,West,DataSync,67,1162942,459637,519100.0,8,5,2024
REP003,Sara Behl,West,CloudCore,23,1242077,682789,700100.0,8,5,2024
REP004,Kiara Kakar,East,CloudCore,70,1183621,400299,355000.0,6,5,2024
REP005,Aniruddh Batra,East,CloudCore,5,956170,458650,349900.0,6,5,2024
REP006,Mehul Krishnan,West,SecureAPI,33,1172451,365184,157200.0,2,5,2024
REP007,Jhanvi Chaudhary,North,SecureAPI,13,1394916,372453,373100.0,8,5,2024
REP008,Madhup Kapur,East,SecureAPI,11,1127831,549387,388600.0,3,5,2024
REP009,Zoya Virk,South,DataSync,19,881869,472949,445900.0,9,5,2024
REP010,Tara Swaminathan,West,CloudCore,24,1426510,538966,508400.0,6,5,2024
REP011,Rasha Kakar,West,CloudCore,57,1486059,511043,446000.0,6,5,2024
REP012,Ranbir Brahmbhatt,North,DataSync,42,1010922,404593,191800.0,1,5,2024
REP013,Tarini Ganguly,West,DataSync,59,1241559,535828,326000.0,2,5,2024
REP014,Divij Gupta,East,CloudCore,34,763441,517806,413900.0,8,5,2024
REP015,Taimur Vaidya,East,DataSync,32,711028,454256,525700.0,9,5,2024
REP016,Lavanya Deo,East,CloudCore,10,737220,520031,446100.0,5,5,2024
REP017,Samiha Karpe,South,CloudCore,45,782938,437149,448000.0,9,5,2024
REP018,Uthkarsh Baral,North,SecureAPI,65,1092004,406160,340600.0,4,5,2024
REP019,Mishti Ranganathan,North,DataSync,63,1398782,363700,334500.0,5,5,2024
REP020,Kashvi Char,South,SecureAPI,27,1176833,374726,194900.0,6,5,2024
REP021,Azad Sahota,East,SecureAPI,48,925994,461038,472600.0,8,5,2024
REP022,Trisha Dhillon,South,CloudCore,15,806802,431778,389000.0,8,5,2024
REP023,Mehul Verma,East,CloudCore,16,877892,530367,477900.0,8,5,2024
REP024,Vaibhav Dewan,West,CloudCore,60,1412336,473495,496400.0,9,5,2024
REP025,Myra Tiwari,West,SecureAPI,62,1142075,415485,341500.0,6,5,2024
REP026,Ishaan Goyal,North,DataSync,59,879046,511818,322500.0,4,5,2024
REP027,Lakshay Sampath,West,DataSync,15,1427057,313261,124700.0,1,5,2024
REP028,Rati Sanghvi,West,CloudCore,4,1416847,448896,322600.0,5,5,2024
REP029,Mahika Ravi,South,DataSync,24,997861,406539,202800.0,4,5,2024
REP030,Hazel Sethi,South,SecureAPI,54,974130,586569,498800.0,4,5,2024
REP031,Ishaan Kashyap,North,CloudCore,3,1197382,604693,670300.0,6,5,2024
REP032,Purab Reddy,West,SecureAPI,39,1327110,460888,477900.0,9,5,2024
REP033,Piya Gaba,South,DataSync,22,1260311,349780,338800.0,8,5,2024
REP034,Manikya Tara,East,CloudCore,72,730662,431959,369900.0,4,5,2024
REP035,Zara Dugar,North,SecureAPI,9,859942,503138,299600.0,6,5,2024
REP036,Priyansh Bali,North,CloudCore,23,1356926,429821,328100.0,4,5,2024
REP037,Jiya Vora,East,SecureAPI,26,742001,367962,219100.0,3,5,2024
REP038,Lakshit Sagar,North,CloudCore,54,1046629,462855,389800.0,5,5,2024
REP039,Vivaan Wagle,North,SecureAPI,34,1397347,501760,322400.0,7,5,2024
REP040,Hridaan Deo,South,SecureAPI,56,835965,522326,408800.0,6,5,2024
REP041,Nishith Sharma,East,SecureAPI,43,974088,595027,554200.0,5,5,2024
REP042,Siya Master,North,DataSync,33,1129445,369629,385600.0,7,5,2024
REP043,Keya Iyengar,South,CloudCore,61,1064569,565767,487700.0,4,5,2024
REP044,Madhup Biswas,South,DataSync,4,826066,420136,274500.0,7,5,2024
REP045,Divij Shroff,North,DataSync,15,1390341,319204,303300.0,8,5,2024
REP046,Faiyaz Bose,South,SecureAPI,36,1280458,384722,319200.0,8,5,2024
REP047,Vritika Sangha,East,SecureAPI,11,1161826,580495,365100.0,7,5,2024
REP048,Kimaya Balay,East,CloudCore,23,849415,629734,551300.0,9,5,2024
REP049,Vaibhav Raju,East,DataSync,41,1068857,460347,281500.0,3,5,2024
REP050,Eva Dass,North,DataSync,4,1354634,475076,233400.0,5,5,2024
REP051,Pihu Sen,North,CloudCore,16,1113921,470407,282900.0,5,5,2024
REP052,Pihu Wali,West,CloudCore,22,962235,542788,504200.0,8,5,2024
REP053,Tiya Rege,East,DataSync,46,810430,353371,365500.0,9,5,2024
REP054,Faiyaz Din,South,DataSync,67,1026807,428065,419500.0,7,5,2024
REP055,Indranil Karan,West,CloudCore,14,903266,622075,691600.0,10,5,2024
REP056,Saira Vora,West,DataSync,3,896228,387439,190700.0,4,5,2024
REP057,Damini Singh,East,DataSync,36,1034030,342357,245900.0,5,5,2024
REP058,Dishani Bera,East,SecureAPI,57,989239,497038,309800.0,6,5,2024
REP059,Navya Kulkarni,North,CloudCore,22,878898,686046,855300.0,11,5,2024
REP060,Indrans Grover,South,SecureAPI,21,1137151,462666,474700.0,6,5,2024
REP061,Hrishita Sood,South,CloudCore,49,1073232,420916,430900.0,10,5,2024
REP062,Kismat Edwin,North,CloudCore,34,1020281,453893,233900.0,2,5,2024
REP063,Advik Bhalla,South,DataSync,22,1176117,542683,347100.0,4,5,2024
REP064,Zara Dube,North,CloudCore,25,970395,616161,323800.0,3,5,2024
REP065,Bhavin Dara,North,SecureAPI,55,1148321,560301,577000.0,8,5,2024
REP066,Dharmajan Setty,South,SecureAPI,37,1010222,391732,348900.0,5,5,2024
REP067,Darshit Sidhu,West,CloudCore,51,963346,420302,271200.0,4,5,2024
REP068,Gokul Sahni,West,DataSync,28,1083238,514063,440500.0,5,5,2024
REP069,Ira Butala,East,DataSync,42,883321,515098,375600.0,4,5,2024
REP070,Eva Viswanathan,North,SecureAPI,31,1038651,356203,184700.0,6,5,2024
REP071,Lakshit Madan,East,DataSync,45,908910,373034,289000.0,4,5,2024
REP072,Riya Dugal,West,SecureAPI,47,1142683,518160,345000.0,4,5,2024
REP073,Oorja Sachar,South,DataSync,6,1097235,330236,240500.0,3,5,2024
REP074,Advika Yogi,South,SecureAPI,25,1023903,502198,427200.0,7,5,2024
REP075,Fateh Dasgupta,South,DataSync,7,1028361,328417,249800.0,7,5,2024
REP076,Chirag Gara,North,CloudCore,43,1162479,628796,517000.0,8,5,2024
REP077,Khushi Malhotra,West,SecureAPI,17,1386265,450976,308900.0,6,5,2024
REP078,Khushi Choudhary,West,SecureAPI,35,1049312,361635,283800.0,6,5,2024
REP079,Devansh Sathe,West,DataSync,69,851773,542633,315900.0,2,5,2024
REP080,Manikya Bandi,East,SecureAPI,28,1060110,445478,342500.0,5,5,2024
REP001,Anay Shanker,South,DataSync,67,937330,539239,243700.0,3,6,2024
REP002,Nirvaan Choudhury,West,DataSync,67,1162942,459637,572400.0,9,6,2024
REP003,Sara Behl,West,CloudCore,23,1242077,682789,886600.0,11,6,2024
REP004,Kiara Kakar,East,CloudCore,70,1183621,400299,289300.0,3,6,2024
REP005,Aniruddh Batra,East,CloudCore,5,956170,458650,452000.0,6,6,2024
REP006,Mehul Krishnan,West,SecureAPI,33,1172451,365184,298600.0,6,6,2024
REP007,Jhanvi Chaudhary,North,SecureAPI,13,1394916,372453,336700.0,9,6,2024
REP008,Madhup Kapur,East,SecureAPI,11,1127831,549387,379900.0,4,6,2024
REP009,Zoya Virk,South,DataSync,19,881869,472949,501700.0,9,6,2024
REP010,Tara Swaminathan,West,CloudCore,24,1426510,538966,599800.0,6,6,2024
REP011,Rasha Kakar,West,CloudCore,57,1486059,511043,582000.0,11,6,2024
REP012,Ranbir Brahmbhatt,North,DataSync,42,1010922,404593,214200.0,3,6,2024
REP013,Tarini Ganguly,West,DataSync,59,1241559,535828,247500.0,2,6,2024
REP014,Divij Gupta,East,CloudCore,34,763441,517806,628400.0,9,6,2024
REP015,Taimur Vaidya,East,DataSync,32,711028,454256,602900.0,9,6,2024
REP016,Lavanya Deo,East,CloudCore,10,737220,520031,492100.0,5,6,2024
REP017,Samiha Karpe,South,CloudCore,45,782938,437149,627100.0,9,6,2024
REP018,Uthkarsh Baral,North,SecureAPI,65,1092004,406160,430600.0,7,6,2024
REP019,Mishti Ranganathan,North,DataSync,63,1398782,363700,436700.0,9,6,2024
REP020,Kashvi Char,South,SecureAPI,27,1176833,374726,272100.0,7,6,2024
REP021,Azad Sahota,East,SecureAPI,48,925994,461038,682000.0,13,6,2024
REP022,Trisha Dhillon,South,CloudCore,15,806802,431778,551300.0,10,6,2024
REP023,Mehul Verma,East,CloudCore,16,877892,530367,536800.0,9,6,2024
REP024,Vaibhav Dewan,West,CloudCore,60,1412336,473495,655100.0,9,6,2024
REP025,Myra Tiwari,West,SecureAPI,62,1142075,415485,469600.0,10,6,2024
REP026,Ishaan Goyal,North,DataSync,59,879046,511818,481500.0,7,6,2024
REP027,Lakshay Sampath,West,DataSync,15,1427057,313261,174100.0,5,6,2024
REP028,Rati Sanghvi,West,CloudCore,4,1416847,448896,509700.0,9,6,2024
REP029,Mahika Ravi,South,DataSync,24,997861,406539,361700.0,9,6,2024
REP030,Hazel Sethi,South,SecureAPI,54,974130,586569,476800.0,8,6,2024
REP031,Ishaan Kashyap,North,CloudCore,3,1197382,604693,721900.0,10,6,2024
REP032,Purab Reddy,West,SecureAPI,39,1327110,460888,357600.0,7,6,2024
REP033,Piya Gaba,South,DataSync,22,1260311,349780,353100.0,6,6,2024
REP034,Manikya Tara,East,CloudCore,72,730662,431959,492300.0,11,6,2024
REP035,Zara Dugar,North,SecureAPI,9,859942,503138,484500.0,5,6,2024
REP036,Priyansh Bali,North,CloudCore,23,1356926,429821,453400.0,9,6,2024
REP037,Jiya Vora,East,SecureAPI,26,742001,367962,362000.0,7,6,2024
REP038,Lakshit Sagar,North,CloudCore,54,1046629,462855,399400.0,8,6,2024
REP039,Vivaan Wagle,North,SecureAPI,34,1397347,501760,217700.0,3,6,2024
REP040,Hridaan Deo,South,SecureAPI,56,835965,522326,542000.0,6,6,2024
REP041,Nishith Sharma,East,SecureAPI,43,974088,595027,652000.0,6,6,2024
REP042,Siya Master,North,DataSync,33,1129445,369629,384700.0,7,6,2024
REP043,Keya Iyengar,South,CloudCore,61,1064569,565767,436800.0,8,6,2024
REP044,Madhup Biswas,South,DataSync,4,826066,420136,294200.0,7,6,2024
REP045,Divij Shroff,North,DataSync,15,1390341,319204,278600.0,4,6,2024
REP046,Faiyaz Bose,South,SecureAPI,36,1280458,384722,436000.0,9,6,2024
REP047,Vritika Sangha,East,SecureAPI,11,1161826,580495,450200.0,8,6,2024
REP048,Kimaya Balay,East,CloudCore,23,849415,629734,579900.0,5,6,2024
REP049,Vaibhav Raju,East,DataSync,41,1068857,460347,290100.0,4,6,2024
REP050,Eva Dass,North,DataSync,4,1354634,475076,256700.0,5,6,2024
REP051,Pihu Sen,North,CloudCore,16,1113921,470407,331500.0,7,6,2024
REP052,Pihu Wali,West,CloudCore,22,962235,542788,635600.0,10,6,2024
REP053,Tiya Rege,East,DataSync,46,810430,353371,323300.0,7,6,2024
REP054,Faiyaz Din,South,DataSync,67,1026807,428065,475800.0,7,6,2024
REP055,Indranil Karan,West,CloudCore,14,903266,622075,606500.0,9,6,2024
REP056,Saira Vora,West,DataSync,3,896228,387439,226300.0,5,6,2024
REP057,Damini Singh,East,DataSync,36,1034030,342357,238700.0,6,6,2024
REP058,Dishani Bera,East,SecureAPI,57,989239,497038,270500.0,2,6,2024
REP059,Navya Kulkarni,North,CloudCore,22,878898,686046,857100.0,10,6,2024
REP060,Indrans Grover,South,SecureAPI,21,1137151,462666,551800.0,9,6,2024
REP061,Hrishita Sood,South,CloudCore,49,1073232,420916,619100.0,12,6,2024
REP062,Kismat Edwin,North,CloudCore,34,1020281,453893,327200.0,5,6,2024
REP063,Advik Bhalla,South,DataSync,22,1176117,542683,517000.0,7,6,2024
REP064,Zara Dube,North,CloudCore,25,970395,616161,462300.0,4,6,2024
REP065,Bhavin Dara,North,SecureAPI,55,1148321,560301,721700.0,9,6,2024
REP066,Dharmajan Setty,South,SecureAPI,37,1010222,391732,397900.0,8,6,2024
REP067,Darshit Sidhu,West,CloudCore,51,963346,420302,343100.0,7,6,2024
REP068,Gokul Sahni,West,DataSync,28,1083238,514063,431800.0,7,6,2024
REP069,Ira Butala,East,DataSync,42,883321,515098,323200.0,5,6,2024
REP070,Eva Viswanathan,North,SecureAPI,31,1038651,356203,220800.0,5,6,2024
REP071,Lakshit Madan,East,DataSync,45,908910,373034,376300.0,10,6,2024
REP072,Riya Dugal,West,SecureAPI,47,1142683,518160,173700.0,1,6,2024
REP073,Oorja Sachar,South,DataSync,6,1097235,330236,279000.0,7,6,2024
REP074,Advika Yogi,South,SecureAPI,25,1023903,502198,472300.0,5,6,2024
REP075,Fateh Dasgupta,South,DataSync,7,1028361,328417,324000.0,7,6,2024
REP076,Chirag Gara,North,CloudCore,43,1162479,628796,636400.0,8,6,2024
REP077,Khushi Malhotra,West,SecureAPI,17,1386265,450976,505600.0,8,6,2024
REP078,Khushi Choudhary,West,SecureAPI,35,1049312,361635,277100.0,4,6,2024
REP079,Devansh Sathe,West,DataSync,69,851773,542633,663600.0,10,6,2024
REP080,Manikya Bandi,East,SecureAPI,28,1060110,445478,400800.0,9,6,2024
REP001,Anay Shanker,South,DataSync,67,937330,539239,278900.0,2,7,2024
REP002,Nirvaan Choudhury,West,DataSync,67,1162942,459637,415900.0,9,7,2024
REP003,Sara Behl,West,CloudCore,23,1242077,682789,588700.0,7,7,2024
REP004,Kiara Kakar,East,CloudCore,70,1183621,400299,223400.0,5,7,2024
REP005,Aniruddh Batra,East,CloudCore,5,956170,458650,323200.0,3,7,2024
REP006,Mehul Krishnan,West,SecureAPI,33,1172451,365184,130800.0,1,7,2024
REP007,Jhanvi Chaudhary,North,SecureAPI,13,1394916,372453,266400.0,7,7,2024
REP008,Madhup Kapur,East,SecureAPI,11,1127831,549387,219700.0,3,7,2024
REP009,Zoya Virk,South,DataSync,19,881869,472949,446900.0,9,7,2024
REP010,Tara Swaminathan,West,CloudCore,24,1426510,538966,466600.0,7,7,2024
REP011,Rasha Kakar,West,CloudCore,57,1486059,511043,397700.0,7,7,2024
REP012,Ranbir Brahmbhatt,North,DataSync,42,1010922,404593,289300.0,3,7,2024
REP013,Tarini Ganguly,West,DataSync,59,1241559,535828,290700.0,3,7,2024
REP014,Divij Gupta,East,CloudCore,34,763441,517806,359500.0,5,7,2024
REP015,Taimur Vaidya,East,DataSync,32,711028,454256,484900.0,10,7,2024
REP016,Lavanya Deo,East,CloudCore,10,737220,520031,432700.0,5,7,2024
REP017,Samiha Karpe,South,CloudCore,45,782938,437149,393200.0,7,7,2024
REP018,Uthkarsh Baral,North,SecureAPI,65,1092004,406160,308800.0,7,7,2024
REP019,Mishti Ranganathan,North,DataSync,63,1398782,363700,252000.0,6,7,2024
REP020,Kashvi Char,South,SecureAPI,27,1176833,374726,136000.0,1,7,2024
REP021,Azad Sahota,East,SecureAPI,48,925994,461038,474100.0,6,7,2024
REP022,Trisha Dhillon,South,CloudCore,15,806802,431778,417500.0,9,7,2024
REP023,Mehul Verma,East,CloudCore,16,877892,530367,340200.0,4,7,2024
REP024,Vaibhav Dewan,West,CloudCore,60,1412336,473495,475600.0,7,7,2024
REP025,Myra Tiwari,West,SecureAPI,62,1142075,415485,297100.0,5,7,2024
REP026,Ishaan Goyal,North,DataSync,59,879046,511818,242100.0,5,7,2024
REP027,Lakshay Sampath,West,DataSync,15,1427057,313261,144100.0,1,7,2024
REP028,Rati Sanghvi,West,CloudCore,4,1416847,448896,311500.0,7,7,2024
REP029,Mahika Ravi,South,DataSync,24,997861,406539,219100.0,5,7,2024
REP030,Hazel Sethi,South,SecureAPI,54,974130,586569,409000.0,3,7,2024
REP031,Ishaan Kashyap,North,CloudCore,3,1197382,604693,595800.0,6,7,2024
REP032,Purab Reddy,West,SecureAPI,39,1327110,460888,356800.0,4,7,2024
REP033,Piya Gaba,South,DataSync,22,1260311,349780,264300.0,7,7,2024
REP034,Manikya Tara,East,CloudCore,72,730662,431959,297900.0,3,7,2024
REP035,Zara Dugar,North,SecureAPI,9,859942,503138,232500.0,2,7,2024
REP036,Priyansh Bali,North,CloudCore,23,1356926,429821,366800.0,7,7,2024
REP037,Jiya Vora,East,SecureAPI,26,742001,367962,218800.0,4,7,2024
REP038,Lakshit Sagar,North,CloudCore,54,1046629,462855,316000.0,7,7,2024
REP039,Vivaan Wagle,North,SecureAPI,34,1397347,501760,273600.0,4,7,2024
REP040,Hridaan Deo,South,SecureAPI,56,835965,522326,445500.0,7,7,2024
REP041,Nishith Sharma,East,SecureAPI,43,974088,595027,365800.0,5,7,2024
REP042,Siya Master,North,DataSync,33,1129445,369629,307700.0,7,7,2024
REP043,Keya Iyengar,South,CloudCore,61,1064569,565767,403800.0,4,7,2024
REP044,Madhup Biswas,South,DataSync,4,826066,420136,253400.0,5,7,2024
REP045,Divij Shroff,North,DataSync,15,1390341,319204,224700.0,7,7,2024
REP046,Faiyaz Bose,South,SecureAPI,36,1280458,384722,231400.0,3,7,2024
REP047,Vritika Sangha,East,SecureAPI,11,1161826,580495,193200.0,3,7,2024
REP048,Kimaya Balay,East,CloudCore,23,849415,629734,493500.0,5,7,2024
REP049,Vaibhav Raju,East,DataSync,41,1068857,460347,260100.0,6,7,2024
REP050,Eva Dass,North,DataSync,4,1354634,475076,200400.0,5,7,2024
REP051,Pihu Sen,North,CloudCore,16,1113921,470407,287700.0,3,7,2024
REP052,Pihu Wali,West,CloudCore,22,962235,542788,334100.0,2,7,2024
REP053,Tiya Rege,East,DataSync,46,810430,353371,273000.0,6,7,2024
REP054,Faiyaz Din,South,DataSync,67,1026807,428065,282500.0,6,7,2024
REP055,Indranil Karan,West,CloudCore,14,903266,622075,444700.0,5,7,2024
REP056,Saira Vora,West,DataSync,3,896228,387439,208800.0,6,7,2024
REP057,Damini Singh,East,DataSync,36,1034030,342357,146200.0,3,7,2024
REP058,Dishani Bera,East,SecureAPI,57,989239,497038,241400.0,1,7,2024
REP059,Navya Kulkarni,North,CloudCore,22,878898,686046,709100.0,8,7,2024
REP060,Indrans Grover,South,SecureAPI,21,1137151,462666,430200.0,7,7,2024
REP061,Hrishita Sood,South,CloudCore,49,1073232,420916,430400.0,10,7,2024
REP062,Kismat Edwin,North,CloudCore,34,1020281,453893,178900.0,5,7,2024
REP063,Advik Bhalla,South,DataSync,22,1176117,542683,451000.0,7,7,2024
REP064,Zara Dube,North,CloudCore,25,970395,616161,437700.0,4,7,2024
REP065,Bhavin Dara,North,SecureAPI,55,1148321,560301,451300.0,7,7,2024
REP066,Dharmajan Setty,South,SecureAPI,37,1010222,391732,274400.0,7,7,2024
REP067,Darshit Sidhu,West,CloudCore,51,963346,420302,253900.0,5,7,2024
REP068,Gokul Sahni,West,DataSync,28,1083238,514063,261200.0,4,7,2024
REP069,Ira Butala,East,DataSync,42,883321,515098,298100.0,4,7,2024
REP070,Eva Viswanathan,North,SecureAPI,31,1038651,356203,163400.0,5,7,2024
REP071,Lakshit Madan,East,DataSync,45,908910,373034,293800.0,8,7,2024
REP072,Riya Dugal,West,SecureAPI,47,1142683,518160,266300.0,5,7,2024
REP073,Oorja Sachar,South,DataSync,6,1097235,330236,295200.0,8,7,2024
REP074,Advika Yogi,South,SecureAPI,25,1023903,502198,283400.0,4,7,2024
REP075,Fateh Dasgupta,South,DataSync,7,1028361,328417,188700.0,3,7,2024
REP076,Chirag Gara,North,CloudCore,43,1162479,628796,464300.0,4,7,2024
REP077,Khushi Malhotra,West,SecureAPI,17,1386265,450976,329700.0,7,7,2024
REP078,Khushi Choudhary,West,SecureAPI,35,1049312,361635,173500.0,4,7,2024
REP079,Devansh Sathe,West,DataSync,69,851773,542633,315600.0,3,7,2024
REP080,Manikya Bandi,East,SecureAPI,28,1060110,445478,214400.0,4,7,2024
REP001,Anay Shanker,South,DataSync,67,937330,539239,317900.0,2,8,2024
REP002,Nirvaan Choudhury,West,DataSync,67,1162942,459637,525900.0,9,8,2024
REP003,Sara Behl,West,CloudCore,23,1242077,682789,725300.0,9,8,2024
REP004,Kiara Kakar,East,CloudCore,70,1183621,400299,204500.0,5,8,2024
REP005,Aniruddh Batra,East,CloudCore,5,956170,458650,426600.0,8,8,2024
REP006,Mehul Krishnan,West,SecureAPI,33,1172451,365184,182800.0,3,8,2024
REP007,Jhanvi Chaudhary,North,SecureAPI,13,1394916,372453,223300.0,5,8,2024
REP008,Madhup Kapur,East,SecureAPI,11,1127831,549387,232900.0,1,8,2024
REP009,Zoya Virk,South,DataSync,19,881869,472949,291700.0,3,8,2024
REP010,Tara Swaminathan,West,CloudCore,24,1426510,538966,415900.0,8,8,2024
REP011,Rasha Kakar,West,CloudCore,57,1486059,511043,413600.0,8,8,2024
REP012,Ranbir Brahmbhatt,North,DataSync,42,1010922,404593,310000.0,6,8,2024
REP013,Tarini Ganguly,West,DataSync,59,1241559,535828,318400.0,2,8,2024
REP014,Divij Gupta,East,CloudCore,34,763441,517806,406600.0,7,8,2024
REP015,Taimur Vaidya,East,DataSync,32,711028,454256,481200.0,6,8,2024
REP016,Lavanya Deo,East,CloudCore,10,737220,520031,302600.0,6,8,2024
REP017,Samiha Karpe,South,CloudCore,45,782938,437149,445500.0,9,8,2024
REP018,Uthkarsh Baral,North,SecureAPI,65,1092004,406160,359900.0,5,8,2024
REP019,Mishti Ranganathan,North,DataSync,63,1398782,363700,238800.0,4,8,2024
REP020,Kashvi Char,South,SecureAPI,27,1176833,374726,261700.0,6,8,2024
REP021,Azad Sahota,East,SecureAPI,48,925994,461038,473000.0,7,8,2024
REP022,Trisha Dhillon,South,CloudCore,15,806802,431778,330400.0,4,8,2024
REP023,Mehul Verma,East,CloudCore,16,877892,530367,462500.0,7,8,2024
REP024,Vaibhav Dewan,West,CloudCore,60,1412336,473495,548000.0,9,8,2024
REP025,Myra Tiwari,West,SecureAPI,62,1142075,415485,343200.0,6,8,2024
REP026,Ishaan Goyal,North,DataSync,59,879046,511818,299000.0,6,8,2024
REP027,Lakshay Sampath,West,DataSync,15,1427057,313261,154700.0,4,8,2024
REP028,Rati Sanghvi,West,CloudCore,4,1416847,448896,323600.0,3,8,2024
REP029,Mahika Ravi,South,DataSync,24,997861,406539,267700.0,5,8,2024
REP030,Hazel Sethi,South,SecureAPI,54,974130,586569,422400.0,7,8,2024
REP031,Ishaan Kashyap,North,CloudCore,3,1197382,604693,609400.0,9,8,2024
REP032,Purab Reddy,West,SecureAPI,39,1327110,460888,349700.0,6,8,2024
REP033,Piya Gaba,South,DataSync,22,1260311,349780,299500.0,7,8,2024
REP034,Manikya Tara,East,CloudCore,72,730662,431959,363500.0,8,8,2024
REP035,Zara Dugar,North,SecureAPI,9,859942,503138,344500.0,3,8,2024
REP036,Priyansh Bali,North,CloudCore,23,1356926,429821,324700.0,8,8,2024
REP037,Jiya Vora,East,SecureAPI,26,742001,367962,190600.0,2,8,2024
REP038,Lakshit Sagar,North,CloudCore,54,1046629,462855,327500.0,4,8,2024
REP039,Vivaan Wagle,North,SecureAPI,34,1397347,501760,248800.0,3,8,2024
REP040,Hridaan Deo,South,SecureAPI,56,835965,522326,441900.0,5,8,2024
REP041,Nishith Sharma,East,SecureAPI,43,974088,595027,526400.0,5,8,2024
REP042,Siya Master,North,DataSync,33,1129445,369629,263700.0,6,8,2024
REP043,Keya Iyengar,South,CloudCore,61,1064569,565767,507000.0,5,8,2024
REP044,Madhup Biswas,South,DataSync,4,826066,420136,304700.0,3,8,2024
REP045,Divij Shroff,North,DataSync,15,1390341,319204,271200.0,7,8,2024
REP046,Faiyaz Bose,South,SecureAPI,36,1280458,384722,384300.0,6,8,2024
REP047,Vritika Sangha,East,SecureAPI,11,1161826,580495,263500.0,3,8,2024
REP048,Kimaya Balay,East,CloudCore,23,849415,629734,428600.0,3,8,2024
REP049,Vaibhav Raju,East,DataSync,41,1068857,460347,149900.0,1,8,2024
REP050,Eva Dass,North,DataSync,4,1354634,475076,353100.0,5,8,2024
REP051,Pihu Sen,North,CloudCore,16,1113921,470407,299100.0,3,8,2024
REP052,Pihu Wali,West,CloudCore,22,962235,542788,435200.0,6,8,2024
REP053,Tiya Rege,East,DataSync,46,810430,353371,295400.0,6,8,2024
REP054,Faiyaz Din,South,DataSync,67,1026807,428065,296500.0,5,8,2024
REP055,Indranil Karan,West,CloudCore,14,903266,622075,657500.0,9,8,2024
REP056,Saira Vora,West,DataSync,3,896228,387439,220400.0,3,8,2024
REP057,Damini Singh,East,DataSync,36,1034030,342357,193900.0,3,8,2024
REP058,Dishani Bera,East,SecureAPI,57,989239,497038,320600.0,7,8,2024
REP059,Navya Kulkarni,North,CloudCore,22,878898,686046,710500.0,9,8,2024
REP060,Indrans Grover,South,SecureAPI,21,1137151,462666,471100.0,10,8,2024
REP061,Hrishita Sood,South,CloudCore,49,1073232,420916,399600.0,6,8,2024
REP062,Kismat Edwin,North,CloudCore,34,1020281,453893,278100.0,3,8,2024
REP063,Advik Bhalla,South,DataSync,22,1176117,542683,542400.0,6,8,2024
REP064,Zara Dube,North,CloudCore,25,970395,616161,446100.0,3,8,2024
REP065,Bhavin Dara,North,SecureAPI,55,1148321,560301,622700.0,10,8,2024
REP066,Dharmajan Setty,South,SecureAPI,37,1010222,391732,295900.0,7,8,2024
REP067,Darshit Sidhu,West,CloudCore,51,963346,420302,179200.0,5,8,2024
REP068,Gokul Sahni,West,DataSync,28,1083238,514063,275800.0,3,8,2024
REP069,Ira Butala,East,DataSync,42,883321,515098,288300.0,5,8,2024
REP070,Eva Viswanathan,North,SecureAPI,31,1038651,356203,246500.0,7,8,2024
REP071,Lakshit Madan,East,DataSync,45,908910,373034,236800.0,4,8,2024
REP072,Riya Dugal,West,SecureAPI,47,1142683,518160,387300.0,4,8,2024
REP073,Oorja Sachar,South,DataSync,6,1097235,330236,261300.0,7,8,2024
REP074,Advika Yogi,South,SecureAPI,25,1023903,502198,250100.0,3,8,2024
REP075,Fateh Dasgupta,South,DataSync,7,1028361,328417,139100.0,4,8,2024
REP076,Chirag Gara,North,CloudCore,43,1162479,628796,401600.0,5,8,2024
REP077,Khushi Malhotra,West,SecureAPI,17,1386265,450976,402000.0,5,8,2024
REP078,Khushi Choudhary,West,SecureAPI,35,1049312,361635,203200.0,5,8,2024
REP079,Devansh Sathe,West,DataSync,69,851773,542633,210600.0,3,8,2024
REP080,Manikya Bandi,East,SecureAPI,28,1060110,445478,172600.0,5,8,2024
REP001,Anay Shanker,South,DataSync,67,937330,539239,349200.0,4,9,2024
REP002,Nirvaan Choudhury,West,DataSync,67,1162942,459637,652000.0,9,9,2024
REP003,Sara Behl,West,CloudCore,23,1242077,682789,854800.0,11,9,2024
REP004,Kiara Kakar,East,CloudCore,70,1183621,400299,183500.0,3,9,2024
REP005,Aniruddh Batra,East,CloudCore,5,956170,458650,456000.0,9,9,2024
REP006,Mehul Krishnan,West,SecureAPI,33,1172451,365184,240200.0,5,9,2024
REP007,Jhanvi Chaudhary,North,SecureAPI,13,1394916,372453,252000.0,6,9,2024
REP008,Madhup Kapur,East,SecureAPI,11,1127831,549387,380800.0,5,9,2024
REP009,Zoya Virk,South,DataSync,19,881869,472949,471100.0,8,9,2024
REP010,Tara Swaminathan,West,CloudCore,24,1426510,538966,601600.0,8,9,2024
REP011,Rasha Kakar,West,CloudCore,57,1486059,511043,646800.0,9,9,2024
REP012,Ranbir Brahmbhatt,North,DataSync,42,1010922,404593,357900.0,8,9,2024
REP013,Tarini Ganguly,West,DataSync,59,1241559,535828,352800.0,6,9,2024
REP014,Divij Gupta,East,CloudCore,34,763441,517806,457000.0,5,9,2024
REP015,Taimur Vaidya,East,DataSync,32,711028,454256,679900.0,10,9,2024
REP016,Lavanya Deo,East,CloudCore,10,737220,520031,537500.0,9,9,2024
REP017,Samiha Karpe,South,CloudCore,45,782938,437149,557600.0,12,9,2024
REP018,Uthkarsh Baral,North,SecureAPI,65,1092004,406160,415500.0,8,9,2024
REP019,Mishti Ranganathan,North,DataSync,63,1398782,363700,382500.0,10,9,2024
REP020,Kashvi Char,South,SecureAPI,27,1176833,374726,254300.0,5,9,2024
REP021,Azad Sahota,East,SecureAPI,48,925994,461038,564700.0,9,9,2024
REP022,Trisha Dhillon,South,CloudCore,15,806802,431778,412400.0,5,9,2024
REP023,Mehul Verma,East,CloudCore,16,877892,530367,541900.0,9,9,2024
REP024,Vaibhav Dewan,West,CloudCore,60,1412336,473495,581200.0,9,9,2024
REP025,Myra Tiwari,West,SecureAPI,62,1142075,415485,387900.0,5,9,2024
REP026,Ishaan Goyal,North,DataSync,59,879046,511818,368100.0,7,9,2024
REP027,Lakshay Sampath,West,DataSync,15,1427057,313261,207000.0,3,9,2024
REP028,Rati Sanghvi,West,CloudCore,4,1416847,448896,548100.0,11,9,2024
REP029,Mahika Ravi,South,DataSync,24,997861,406539,110800.0,3,9,2024
REP030,Hazel Sethi,South,SecureAPI,54,974130,586569,684800.0,9,9,2024
REP031,Ishaan Kashyap,North,CloudCore,3,1197382,604693,835700.0,10,9,2024
REP032,Purab Reddy,West,SecureAPI,39,1327110,460888,349000.0,8,9,2024
REP033,Piya Gaba,South,DataSync,22,1260311,349780,343300.0,7,9,2024
REP034,Manikya Tara,East,CloudCore,72,730662,431959,422400.0,6,9,2024
REP035,Zara Dugar,North,SecureAPI,9,859942,503138,238500.0,2,9,2024
REP036,Priyansh Bali,North,CloudCore,23,1356926,429821,397700.0,9,9,2024
REP037,Jiya Vora,East,SecureAPI,26,742001,367962,192100.0,4,9,2024
REP038,Lakshit Sagar,North,CloudCore,54,1046629,462855,580000.0,9,9,2024
REP039,Vivaan Wagle,North,SecureAPI,34,1397347,501760,428300.0,4,9,2024
REP040,Hridaan Deo,South,SecureAPI,56,835965,522326,622000.0,7,9,2024
REP041,Nishith Sharma,East,SecureAPI,43,974088,595027,666100.0,8,9,2024
REP042,Siya Master,North,DataSync,33,1129445,369629,325200.0,8,9,2024
REP043,Keya Iyengar,South,CloudCore,61,1064569,565767,542000.0,5,9,2024
REP044,Madhup Biswas,South,DataSync,4,826066,420136,328200.0,8,9,2024
REP045,Divij Shroff,North,DataSync,15,1390341,319204,276900.0,6,9,2024
REP046,Faiyaz Bose,South,SecureAPI,36,1280458,384722,430300.0,7,9,2024
REP047,Vritika Sangha,East,SecureAPI,11,1161826,580495,384900.0,3,9,2024
REP048,Kimaya Balay,East,CloudCore,23,849415,629734,615500.0,7,9,2024
REP049,Vaibhav Raju,East,DataSync,41,1068857,460347,376200.0,6,9,2024
REP050,Eva Dass,North,DataSync,4,1354634,475076,367700.0,7,9,2024
REP051,Pihu Sen,North,CloudCore,16,1113921,470407,302700.0,4,9,2024
REP052,Pihu Wali,West,CloudCore,22,962235,542788,638500.0,8,9,2024
REP053,Tiya Rege,East,DataSync,46,810430,353371,313000.0,6,9,2024
REP054,Faiyaz Din,South,DataSync,67,1026807,428065,473400.0,10,9,2024
REP055,Indranil Karan,West,CloudCore,14,903266,622075,686100.0,8,9,2024
REP056,Saira Vora,West,DataSync,3,896228,387439,252600.0,7,9,2024
REP057,Damini Singh,East,DataSync,36,1034030,342357,258400.0,8,9,2024
REP058,Dishani Bera,East,SecureAPI,57,989239,497038,248200.0,3,9,2024
REP059,Navya Kulkarni,North,CloudCore,22,878898,686046,929100.0,9,9,2024
REP060,Indrans Grover,South,SecureAPI,21,1137151,462666,582200.0,10,9,2024
REP061,Hrishita Sood,South,CloudCore,49,1073232,420916,517400.0,10,9,2024
REP062,Kismat Edwin,North,CloudCore,34,1020281,453893,395800.0,6,9,2024
REP063,Advik Bhalla,South,DataSync,22,1176117,542683,507300.0,7,9,2024
REP064,Zara Dube,North,CloudCore,25,970395,616161,292000.0,1,9,2024
REP065,Bhavin Dara,North,SecureAPI,55,1148321,560301,638700.0,10,9,2024
REP066,Dharmajan Setty,South,SecureAPI,37,1010222,391732,432700.0,6,9,2024
REP067,Darshit Sidhu,West,CloudCore,51,963346,420302,207900.0,2,9,2024
REP068,Gokul Sahni,West,DataSync,28,1083238,514063,507000.0,6,9,2024
REP069,Ira Butala,East,DataSync,42,883321,515098,187900.0,3,9,2024
REP070,Eva Viswanathan,North,SecureAPI,31,1038651,356203,347900.0,9,9,2024
REP071,Lakshit Madan,East,DataSync,45,908910,373034,392900.0,8,9,2024
REP072,Riya Dugal,West,SecureAPI,47,1142683,518160,355600.0,3,9,2024
REP073,Oorja Sachar,South,DataSync,6,1097235,330236,315500.0,8,9,2024
REP074,Advika Yogi,South,SecureAPI,25,1023903,502198,385000.0,4,9,2024
REP075,Fateh Dasgupta,South,DataSync,7,1028361,328417,228500.0,5,9,2024
REP076,Chirag Gara,North,CloudCore,43,1162479,628796,735100.0,11,9,2024
REP077,Khushi Malhotra,West,SecureAPI,17,1386265,450976,469400.0,6,9,2024
REP078,Khushi Choudhary,West,SecureAPI,35,1049312,361635,262700.0,6,9,2024
REP079,Devansh Sathe,West,DataSync,69,851773,542633,349000.0,5,9,2024
REP080,Manikya Bandi,East,SecureAPI,28,1060110,445478,308600.0,5,9,2024
REP001,Anay Shanker,South,DataSync,67,937330,539239,420500.0,8,10,2024
REP002,Nirvaan Choudhury,West,DataSync,67,1162942,459637,537000.0,10,10,2024
REP003,Sara Behl,West,CloudCore,23,1242077,682789,819900.0,9,10,2024
REP004,Kiara Kakar,East,CloudCore,70,1183621,400299,341400.0,4,10,2024
REP005,Aniruddh Batra,East,CloudCore,5,956170,458650,498500.0,7,10,2024
REP006,Mehul Krishnan,West,SecureAPI,33,1172451,365184,254600.0,6,10,2024
REP007,Jhanvi Chaudhary,North,SecureAPI,13,1394916,372453,397200.0,6,10,2024
REP008,Madhup Kapur,East,SecureAPI,11,1127831,549387,432000.0,8,10,2024
REP009,Zoya Virk,South,DataSync,19,881869,472949,468900.0,9,10,2024
REP010,Tara Swaminathan,West,CloudCore,24,1426510,538966,517100.0,7,10,2024
REP011,Rasha Kakar,West,CloudCore,57,1486059,511043,557200.0,10,10,2024
REP012,Ranbir Brahmbhatt,North,DataSync,42,1010922,404593,228000.0,3,10,2024
REP013,Tarini Ganguly,West,DataSync,59,1241559,535828,426800.0,4,10,2024
REP014,Divij Gupta,East,CloudCore,34,763441,517806,432500.0,7,10,2024
REP015,Taimur Vaidya,East,DataSync,32,711028,454256,642200.0,11,10,2024
REP016,Lavanya Deo,East,CloudCore,10,737220,520031,586300.0,10,10,2024
REP017,Samiha Karpe,South,CloudCore,45,782938,437149,587800.0,8,10,2024
REP018,Uthkarsh Baral,North,SecureAPI,65,1092004,406160,485800.0,8,10,2024
REP019,Mishti Ranganathan,North,DataSync,63,1398782,363700,468400.0,8,10,2024
REP020,Kashvi Char,South,SecureAPI,27,1176833,374726,336700.0,5,10,2024
REP021,Azad Sahota,East,SecureAPI,48,925994,461038,533300.0,9,10,2024
REP022,Trisha Dhillon,South,CloudCore,15,806802,431778,385200.0,8,10,2024
REP023,Mehul Verma,East,CloudCore,16,877892,530367,519800.0,5,10,2024
REP024,Vaibhav Dewan,West,CloudCore,60,1412336,473495,626900.0,8,10,2024
REP025,Myra Tiwari,West,SecureAPI,62,1142075,415485,471000.0,8,10,2024
REP026,Ishaan Goyal,North,DataSync,59,879046,511818,310200.0,6,10,2024
REP027,Lakshay Sampath,West,DataSync,15,1427057,313261,237900.0,5,10,2024
REP028,Rati Sanghvi,West,CloudCore,4,1416847,448896,432100.0,8,10,2024
REP029,Mahika Ravi,South,DataSync,24,997861,406539,254200.0,6,10,2024
REP030,Hazel Sethi,South,SecureAPI,54,974130,586569,513200.0,6,10,2024
REP031,Ishaan Kashyap,North,CloudCore,3,1197382,604693,749100.0,11,10,2024
REP032,Purab Reddy,West,SecureAPI,39,1327110,460888,406700.0,8,10,2024
REP033,Piya Gaba,South,DataSync,22,1260311,349780,326300.0,9,10,2024
REP034,Manikya Tara,East,CloudCore,72,730662,431959,520800.0,8,10,2024
REP035,Zara Dugar,North,SecureAPI,9,859942,503138,286000.0,5,10,2024
REP036,Priyansh Bali,North,CloudCore,23,1356926,429821,609400.0,9,10,2024
REP037,Jiya Vora,East,SecureAPI,26,742001,367962,298400.0,7,10,2024
REP038,Lakshit Sagar,North,CloudCore,54,1046629,462855,504000.0,10,10,2024
REP039,Vivaan Wagle,North,SecureAPI,34,1397347,501760,292900.0,5,10,2024
REP040,Hridaan Deo,South,SecureAPI,56,835965,522326,604900.0,9,10,2024
REP041,Nishith Sharma,East,SecureAPI,43,974088,595027,587100.0,5,10,2024
REP042,Siya Master,North,DataSync,33,1129445,369629,399300.0,8,10,2024
REP043,Keya Iyengar,South,CloudCore,61,1064569,565767,796600.0,10,10,2024
REP044,Madhup Biswas,South,DataSync,4,826066,420136,299100.0,6,10,2024
REP045,Divij Shroff,North,DataSync,15,1390341,319204,388900.0,10,10,2024
REP046,Faiyaz Bose,South,SecureAPI,36,1280458,384722,373000.0,6,10,2024
REP047,Vritika Sangha,East,SecureAPI,11,1161826,580495,419200.0,5,10,2024
REP048,Kimaya Balay,East,CloudCore,23,849415,629734,819900.0,8,10,2024
REP049,Vaibhav Raju,East,DataSync,41,1068857,460347,286600.0,4,10,2024
REP050,Eva Dass,North,DataSync,4,1354634,475076,490500.0,10,10,2024
REP051,Pihu Sen,North,CloudCore,16,1113921,470407,398400.0,6,10,2024
REP052,Pihu Wali,West,CloudCore,22,962235,542788,536500.0,5,10,2024
REP053,Tiya Rege,East,DataSync,46,810430,353371,406000.0,10,10,2024
REP054,Faiyaz Din,South,DataSync,67,1026807,428065,511400.0,9,10,2024
REP055,Indranil Karan,West,CloudCore,14,903266,622075,713900.0,8,10,2024
REP056,Saira Vora,West,DataSync,3,896228,387439,179900.0,1,10,2024
REP057,Damini Singh,East,DataSync,36,1034030,342357,207400.0,5,10,2024
REP058,Dishani Bera,East,SecureAPI,57,989239,497038,341200.0,3,10,2024
REP059,Navya Kulkarni,North,CloudCore,22,878898,686046,902100.0,9,10,2024
REP060,Indrans Grover,South,SecureAPI,21,1137151,462666,637200.0,13,10,2024
REP061,Hrishita Sood,South,CloudCore,49,1073232,420916,563000.0,8,10,2024
REP062,Kismat Edwin,North,CloudCore,34,1020281,453893,228600.0,2,10,2024
REP063,Advik Bhalla,South,DataSync,22,1176117,542683,605100.0,8,10,2024
REP064,Zara Dube,North,CloudCore,25,970395,616161,511800.0,5,10,2024
REP065,Bhavin Dara,North,SecureAPI,55,1148321,560301,768600.0,9,10,2024
REP066,Dharmajan Setty,South,SecureAPI,37,1010222,391732,473700.0,11,10,2024
REP067,Darshit Sidhu,West,CloudCore,51,963346,420302,364900.0,5,10,2024
REP068,Gokul Sahni,West,DataSync,28,1083238,514063,413900.0,4,10,2024
REP069,Ira Butala,East,DataSync,42,883321,515098,368900.0,7,10,2024
REP070,Eva Viswanathan,North,SecureAPI,31,1038651,356203,159900.0,2,10,2024
REP071,Lakshit Madan,East,DataSync,45,908910,373034,418400.0,10,10,2024
REP072,Riya Dugal,West,SecureAPI,47,1142683,518160,395300.0,5,10,2024
REP073,Oorja Sachar,South,DataSync,6,1097235,330236,363400.0,7,10,2024
REP074,Advika Yogi,South,SecureAPI,25,1023903,502198,257900.0,4,10,2024
REP075,Fateh Dasgupta,South,DataSync,7,1028361,328417,179400.0,3,10,2024
REP076,Chirag Gara,North,CloudCore,43,1162479,628796,758000.0,11,10,2024
REP077,Khushi Malhotra,West,SecureAPI,17,1386265,450976,477400.0,6,10,2024
REP078,Khushi Choudhary,West,SecureAPI,35,1049312,361635,304700.0,6,10,2024
REP079,Devansh Sathe,West,DataSync,69,851773,542633,397600.0,4,10,2024
REP080,Manikya Bandi,East,SecureAPI,28,1060110,445478,326500.0,4,10,2024
REP001,Anay Shanker,South,DataSync,67,937330,539239,503200.0,9,11,2024
REP002,Nirvaan Choudhury,West,DataSync,67,1162942,459637,617600.0,10,11,2024
REP003,Sara Behl,West,CloudCore,23,1242077,682789,956900.0,10,11,2024
REP004,Kiara Kakar,East,CloudCore,70,1183621,400299,274300.0,3,11,2024
REP005,Aniruddh Batra,East,CloudCore,5,956170,458650,485900.0,6,11,2024
REP006,Mehul Krishnan,West,SecureAPI,33,1172451,365184,260100.0,4,11,2024
REP007,Jhanvi Chaudhary,North,SecureAPI,13,1394916,372453,429200.0,7,11,2024
REP008,Madhup Kapur,East,SecureAPI,11,1127831,549387,374800.0,5,11,2024
REP009,Zoya Virk,South,DataSync,19,881869,472949,614300.0,9,11,2024
REP010,Tara Swaminathan,West,CloudCore,24,1426510,538966,535900.0,9,11,2024
REP011,Rasha Kakar,West,CloudCore,57,1486059,511043,559400.0,8,11,2024
REP012,Ranbir Brahmbhatt,North,DataSync,42,1010922,404593,278800.0,3,11,2024
REP013,Tarini Ganguly,West,DataSync,59,1241559,535828,548200.0,7,11,2024
REP014,Divij Gupta,East,CloudCore,34,763441,517806,594900.0,9,11,2024
REP015,Taimur Vaidya,East,DataSync,32,711028,454256,676800.0,9,11,2024
REP016,Lavanya Deo,East,CloudCore,10,737220,520031,473600.0,6,11,2024
REP017,Samiha Karpe,South,CloudCore,45,782938,437149,619700.0,12,11,2024
REP018,Uthkarsh Baral,North,SecureAPI,65,1092004,406160,506500.0,11,11,2024
REP019,Mishti Ranganathan,North,DataSync,63,1398782,363700,411900.0,7,11,2024
REP020,Kashvi Char,South,SecureAPI,27,1176833,374726,358100.0,5,11,2024
REP021,Azad Sahota,East,SecureAPI,48,925994,461038,619400.0,11,11,2024
REP022,Trisha Dhillon,South,CloudCore,15,806802,431778,570200.0,11,11,2024
REP023,Mehul Verma,East,CloudCore,16,877892,530367,767200.0,11,11,2024
REP024,Vaibhav Dewan,West,CloudCore,60,1412336,473495,643100.0,12,11,2024
REP025,Myra Tiwari,West,SecureAPI,62,1142075,415485,439500.0,10,11,2024
REP026,Ishaan Goyal,North,DataSync,59,879046,511818,524200.0,6,11,2024
REP027,Lakshay Sampath,West,DataSync,15,1427057,313261,327900.0,9,11,2024
REP028,Rati Sanghvi,West,CloudCore,4,1416847,448896,470000.0,10,11,2024
REP029,Mahika Ravi,South,DataSync,24,997861,406539,281600.0,4,11,2024
REP030,Hazel Sethi,South,SecureAPI,54,974130,586569,634100.0,10,11,2024
REP031,Ishaan Kashyap,North,CloudCore,3,1197382,604693,765200.0,8,11,2024
REP032,Purab Reddy,West,SecureAPI,39,1327110,460888,456700.0,9,11,2024
REP033,Piya Gaba,South,DataSync,22,1260311,349780,342400.0,7,11,2024
REP034,Manikya Tara,East,CloudCore,72,730662,431959,437300.0,9,11,2024
REP035,Zara Dugar,North,SecureAPI,9,859942,503138,382800.0,4,11,2024
REP036,Priyansh Bali,North,CloudCore,23,1356926,429821,496100.0,7,11,2024
REP037,Jiya Vora,East,SecureAPI,26,742001,367962,383200.0,9,11,2024
REP038,Lakshit Sagar,North,CloudCore,54,1046629,462855,453400.0,8,11,2024
REP039,Vivaan Wagle,North,SecureAPI,34,1397347,501760,472300.0,8,11,2024
REP040,Hridaan Deo,South,SecureAPI,56,835965,522326,569700.0,6,11,2024
REP041,Nishith Sharma,East,SecureAPI,43,974088,595027,662900.0,9,11,2024
REP042,Siya Master,North,DataSync,33,1129445,369629,449700.0,10,11,2024
REP043,Keya Iyengar,South,CloudCore,61,1064569,565767,544300.0,5,11,2024
REP044,Madhup Biswas,South,DataSync,4,826066,420136,350700.0,4,11,2024
REP045,Divij Shroff,North,DataSync,15,1390341,319204,365400.0,9,11,2024
REP046,Faiyaz Bose,South,SecureAPI,36,1280458,384722,458100.0,11,11,2024
REP047,Vritika Sangha,East,SecureAPI,11,1161826,580495,475000.0,5,11,2024
REP048,Kimaya Balay,East,CloudCore,23,849415,629734,924900.0,9,11,2024
REP049,Vaibhav Raju,East,DataSync,41,1068857,460347,301100.0,4,11,2024
REP050,Eva Dass,North,DataSync,4,1354634,475076,319700.0,5,11,2024
REP051,Pihu Sen,North,CloudCore,16,1113921,470407,308900.0,7,11,2024
REP052,Pihu Wali,West,CloudCore,22,962235,542788,565800.0,10,11,2024
REP053,Tiya Rege,East,DataSync,46,810430,353371,364200.0,10,11,2024
REP054,Faiyaz Din,South,DataSync,67,1026807,428065,551900.0,10,11,2024
REP055,Indranil Karan,West,CloudCore,14,903266,622075,822500.0,11,11,2024
REP056,Saira Vora,West,DataSync,3,896228,387439,258000.0,7,11,2024
REP057,Damini Singh,East,DataSync,36,1034030,342357,212100.0,6,11,2024
REP058,Dishani Bera,East,SecureAPI,57,989239,497038,422700.0,6,11,2024
REP059,Navya Kulkarni,North,CloudCore,22,878898,686046,919500.0,11,11,2024
REP060,Indrans Grover,South,SecureAPI,21,1137151,462666,671900.0,13,11,2024
REP061,Hrishita Sood,South,CloudCore,49,1073232,420916,594100.0,13,11,2024
REP062,Kismat Edwin,North,CloudCore,34,1020281,453893,226400.0,4,11,2024
REP063,Advik Bhalla,South,DataSync,22,1176117,542683,727300.0,8,11,2024
REP064,Zara Dube,North,CloudCore,25,970395,616161,668500.0,6,11,2024
REP065,Bhavin Dara,North,SecureAPI,55,1148321,560301,747800.0,12,11,2024
REP066,Dharmajan Setty,South,SecureAPI,37,1010222,391732,417600.0,7,11,2024
REP067,Darshit Sidhu,West,CloudCore,51,963346,420302,343600.0,7,11,2024
REP068,Gokul Sahni,West,DataSync,28,1083238,514063,424700.0,7,11,2024
REP069,Ira Butala,East,DataSync,42,883321,515098,455100.0,6,11,2024
REP070,Eva Viswanathan,North,SecureAPI,31,1038651,356203,399900.0,9,11,2024
REP071,Lakshit Madan,East,DataSync,45,908910,373034,408800.0,8,11,2024
REP072,Riya Dugal,West,SecureAPI,47,1142683,518160,324200.0,6,11,2024
REP073,Oorja Sachar,South,DataSync,6,1097235,330236,305700.0,8,11,2024
REP074,Advika Yogi,South,SecureAPI,25,1023903,502198,320200.0,6,11,2024
REP075,Fateh Dasgupta,South,DataSync,7,1028361,328417,250000.0,4,11,2024
REP076,Chirag Gara,North,CloudCore,43,1162479,628796,864700.0,11,11,2024
REP077,Khushi Malhotra,West,SecureAPI,17,1386265,450976,472500.0,9,11,2024
REP078,Khushi Choudhary,West,SecureAPI,35,1049312,361635,291700.0,6,11,2024
REP079,Devansh Sathe,West,DataSync,69,851773,542633,414600.0,6,11,2024
REP080,Manikya Bandi,East,SecureAPI,28,1060110,445478,435400.0,7,11,2024
REP001,Anay Shanker,South,DataSync,67,937330,539239,749100.0,10,12,2024
REP002,Nirvaan Choudhury,West,DataSync,67,1162942,459637,705800.0,13,12,2024
REP003,Sara Behl,West,CloudCore,23,1242077,682789,1051600.0,10,12,2024
REP004,Kiara Kakar,East,CloudCore,70,1183621,400299,435900.0,6,12,2024
REP005,Aniruddh Batra,East,CloudCore,5,956170,458650,638900.0,9,12,2024
REP006,Mehul Krishnan,West,SecureAPI,33,1172451,365184,457000.0,8,12,2024
REP007,Jhanvi Chaudhary,North,SecureAPI,13,1394916,372453,512900.0,12,12,2024
REP008,Madhup Kapur,East,SecureAPI,11,1127831,549387,442100.0,4,12,2024
REP009,Zoya Virk,South,DataSync,19,881869,472949,651800.0,11,12,2024
REP010,Tara Swaminathan,West,CloudCore,24,1426510,538966,788000.0,10,12,2024
REP011,Rasha Kakar,West,CloudCore,57,1486059,511043,723300.0,13,12,2024
REP012,Ranbir Brahmbhatt,North,DataSync,42,1010922,404593,396600.0,5,12,2024
REP013,Tarini Ganguly,West,DataSync,59,1241559,535828,585900.0,10,12,2024
REP014,Divij Gupta,East,CloudCore,34,763441,517806,762200.0,13,12,2024
REP015,Taimur Vaidya,East,DataSync,32,711028,454256,791400.0,15,12,2024
REP016,Lavanya Deo,East,CloudCore,10,737220,520031,721600.0,11,12,2024
REP017,Samiha Karpe,South,CloudCore,45,782938,437149,688500.0,10,12,2024
REP018,Uthkarsh Baral,North,SecureAPI,65,1092004,406160,530600.0,11,12,2024
REP019,Mishti Ranganathan,North,DataSync,63,1398782,363700,537500.0,11,12,2024
REP020,Kashvi Char,South,SecureAPI,27,1176833,374726,266800.0,6,12,2024
REP021,Azad Sahota,East,SecureAPI,48,925994,461038,752800.0,11,12,2024
REP022,Trisha Dhillon,South,CloudCore,15,806802,431778,526200.0,9,12,2024
REP023,Mehul Verma,East,CloudCore,16,877892,530367,682700.0,12,12,2024
REP024,Vaibhav Dewan,West,CloudCore,60,1412336,473495,819700.0,13,12,2024
REP025,Myra Tiwari,West,SecureAPI,62,1142075,415485,545700.0,10,12,2024
REP026,Ishaan Goyal,North,DataSync,59,879046,511818,453900.0,5,12,2024
REP027,Lakshay Sampath,West,DataSync,15,1427057,313261,188600.0,6,12,2024
REP028,Rati Sanghvi,West,CloudCore,4,1416847,448896,630000.0,13,12,2024
REP029,Mahika Ravi,South,DataSync,24,997861,406539,409900.0,7,12,2024
REP030,Hazel Sethi,South,SecureAPI,54,974130,586569,957800.0,12,12,2024
REP031,Ishaan Kashyap,North,CloudCore,3,1197382,604693,943200.0,13,12,2024
REP032,Purab Reddy,West,SecureAPI,39,1327110,460888,607500.0,9,12,2024
REP033,Piya Gaba,South,DataSync,22,1260311,349780,462700.0,8,12,2024
REP034,Manikya Tara,East,CloudCore,72,730662,431959,664400.0,12,12,2024
REP035,Zara Dugar,North,SecureAPI,9,859942,503138,431800.0,8,12,2024
REP036,Priyansh Bali,North,CloudCore,23,1356926,429821,570700.0,10,12,2024
REP037,Jiya Vora,East,SecureAPI,26,742001,367962,368200.0,6,12,2024
REP038,Lakshit Sagar,North,CloudCore,54,1046629,462855,607600.0,10,12,2024
REP039,Vivaan Wagle,North,SecureAPI,34,1397347,501760,394900.0,8,12,2024
REP040,Hridaan Deo,South,SecureAPI,56,835965,522326,686300.0,9,12,2024
REP041,Nishith Sharma,East,SecureAPI,43,974088,595027,866600.0,12,12,2024
REP042,Siya Master,North,DataSync,33,1129445,369629,412600.0,10,12,2024
REP043,Keya Iyengar,South,CloudCore,61,1064569,565767,737800.0,12,12,2024
REP044,Madhup Biswas,South,DataSync,4,826066,420136,309100.0,7,12,2024
REP045,Divij Shroff,North,DataSync,15,1390341,319204,471200.0,13,12,2024
REP046,Faiyaz Bose,South,SecureAPI,36,1280458,384722,398500.0,6,12,2024
REP047,Vritika Sangha,East,SecureAPI,11,1161826,580495,443700.0,8,12,2024
REP048,Kimaya Balay,East,CloudCore,23,849415,629734,846100.0,10,12,2024
REP049,Vaibhav Raju,East,DataSync,41,1068857,460347,549900.0,7,12,2024
REP050,Eva Dass,North,DataSync,4,1354634,475076,410600.0,5,12,2024
REP051,Pihu Sen,North,CloudCore,16,1113921,470407,359900.0,6,12,2024
REP052,Pihu Wali,West,CloudCore,22,962235,542788,861500.0,12,12,2024
REP053,Tiya Rege,East,DataSync,46,810430,353371,370300.0,8,12,2024
REP054,Faiyaz Din,South,DataSync,67,1026807,428065,396500.0,7,12,2024
REP055,Indranil Karan,West,CloudCore,14,903266,622075,842200.0,8,12,2024
REP056,Saira Vora,West,DataSync,3,896228,387439,300600.0,5,12,2024
REP057,Damini Singh,East,DataSync,36,1034030,342357,229600.0,4,12,2024
REP058,Dishani Bera,East,SecureAPI,57,989239,497038,507400.0,10,12,2024
REP059,Navya Kulkarni,North,CloudCore,22,878898,686046,1110900.0,13,12,2024
REP060,Indrans Grover,South,SecureAPI,21,1137151,462666,708800.0,10,12,2024
REP061,Hrishita Sood,South,CloudCore,49,1073232,420916,612300.0,10,12,2024
REP062,Kismat Edwin,North,CloudCore,34,1020281,453893,478500.0,6,12,2024
REP063,Advik Bhalla,South,DataSync,22,1176117,542683,753200.0,9,12,2024
REP064,Zara Dube,North,CloudCore,25,970395,616161,528300.0,8,12,2024
REP065,Bhavin Dara,North,SecureAPI,55,1148321,560301,1004300.0,13,12,2024
REP066,Dharmajan Setty,South,SecureAPI,37,1010222,391732,434500.0,9,12,2024
REP067,Darshit Sidhu,West,CloudCore,51,963346,420302,239000.0,5,12,2024
REP068,Gokul Sahni,West,DataSync,28,1083238,514063,379100.0,6,12,2024
REP069,Ira Butala,East,DataSync,42,883321,515098,447200.0,6,12,2024
REP070,Eva Viswanathan,North,SecureAPI,31,1038651,356203,330100.0,6,12,2024
REP071,Lakshit Madan,East,DataSync,45,908910,373034,463800.0,9,12,2024
REP072,Riya Dugal,West,SecureAPI,47,1142683,518160,491600.0,7,12,2024
REP073,Oorja Sachar,South,DataSync,6,1097235,330236,356600.0,8,12,2024
REP074,Advika Yogi,South,SecureAPI,25,1023903,502198,587500.0,11,12,2024
REP075,Fateh Dasgupta,South,DataSync,7,1028361,328417,282700.0,8,12,2024
REP076,Chirag Gara,North,CloudCore,43,1162479,628796,920200.0,9,12,2024
REP077,Khushi Malhotra,West,SecureAPI,17,1386265,450976,603400.0,8,12,2024
REP078,Khushi Choudhary,West,SecureAPI,35,1049312,361635,350800.0,6,12,2024
REP079,Devansh Sathe,West,DataSync,69,851773,542633,538800.0,6,12,2024
REP080,Manikya Bandi,East,SecureAPI,28,1060110,445478,431300.0,9,12,2024
